{
  "_generated": "Generated by SweetTooth, do not edit",
  "description": "Update indicator for Arch Linux and GNOME Shell.\n** Note : you now need to install the package pacman-contrib to use the checkupdates script. **\n  Can support AUR or other distros by changing command used to check for and apply updates.\n See README about Gnome Console",
  "name": "Arch Linux Updates Indicator",
  "shell-version": [
    "40",
    "41",
    "42",
    "43"
  ],
  "url": "https://github.com/RaphaelRochet/arch-update",
  "uuid": "arch-update@RaphaelRochet",
  "version": 51
}